                  epoch,         train/box_loss,         train/cls_loss,         train/dfl_loss,   metrics/precision(B),      metrics/recall(B),       metrics/mAP50(B),    metrics/mAP50-95(B),           val/box_loss,           val/cls_loss,           val/dfl_loss,                 lr/pg0,                 lr/pg1,                 lr/pg2
                      1,                 1.7182,                  4.469,                 1.2213,                      0,                      0,                      0,                      0,                   1.22,                 4.3474,                  1.041,               8.75e-05,               8.75e-05,               8.75e-05
                      2,                 1.4431,                  4.129,                 1.0806,                0.00089,                   0.25,                0.00093,                0.00047,                 1.0852,                 4.1872,                0.96886,             0.00018713,             0.00018713,             0.00018713
                      3,                 1.3649,                 3.8762,                 1.0008,                0.00166,                 0.3125,                0.12487,                 0.0997,                0.93408,                 4.0776,                0.90769,             0.00028636,             0.00028636,             0.00028636
                      4,                 1.2901,                 3.5544,                0.97861,                0.00463,                0.58333,                0.30267,                0.23252,                 1.0391,                 4.0156,                0.92085,              0.0003852,              0.0003852,              0.0003852
                      5,                 1.3402,                 3.3874,                0.99214,                 0.0064,                0.79167,                0.49047,                0.34825,                 1.1284,                 3.9742,                0.94466,             0.00048364,             0.00048364,             0.00048364
                      6,                 1.3862,                 2.9834,                 1.0393,                 0.0064,                0.79167,                0.49047,                0.34825,                 1.1284,                 3.9742,                0.94466,             0.00058168,             0.00058168,             0.00058168
                      7,                 1.2949,                 2.8099,                0.98534,                0.76016,                    0.5,                  0.707,                0.49189,                 1.1449,                 3.3089,                0.96044,             0.00067933,             0.00067933,             0.00067933
                      8,                 1.5469,                 3.4287,                 1.2671,                0.76016,                    0.5,                  0.707,                0.49189,                 1.1449,                 3.3089,                0.96044,             0.00077659,             0.00077659,             0.00077659
                      9,                 1.1785,                 2.6274,                0.98461,                0.76016,                    0.5,                  0.707,                0.49189,                 1.1449,                 3.3089,                0.96044,             0.00087344,             0.00087344,             0.00087344
                     10,                  1.261,                   2.51,                 1.0249,                0.88359,                0.61991,                0.80836,                0.54993,                 1.3636,                 2.6435,                 1.0435,              0.0009699,              0.0009699,              0.0009699
                     11,                 1.4266,                 2.7501,                 1.1549,                0.88359,                0.61991,                0.80836,                0.54993,                 1.3636,                 2.6435,                 1.0435,               0.001066,               0.001066,               0.001066
                     12,                 1.3559,                 2.3196,                 1.0092,                0.88359,                0.61991,                0.80836,                0.54993,                 1.3636,                 2.6435,                 1.0435,              0.0011616,              0.0011616,              0.0011616
                     13,                 1.4183,                 2.7686,                 1.1633,                0.88359,                0.61991,                0.80836,                0.54993,                 1.3636,                 2.6435,                 1.0435,              0.0012203,              0.0012203,              0.0012203
                     14,                 1.3431,                 2.5347,                 1.0497,                0.61254,                0.69957,                 0.7825,                0.53798,                 1.2279,                 2.4509,                 0.9909,              0.0012178,              0.0012178,              0.0012178
                     15,                 1.2476,                 2.1766,                 1.0182,                0.61254,                0.69957,                 0.7825,                0.53798,                 1.2279,                 2.4509,                 0.9909,              0.0012154,              0.0012154,              0.0012154
                     16,                 1.4315,                  2.332,                  1.039,                0.61254,                0.69957,                 0.7825,                0.53798,                 1.2279,                 2.4509,                 0.9909,              0.0012129,              0.0012129,              0.0012129
                     17,                 1.3232,                 2.0545,                 1.0974,                0.61254,                0.69957,                 0.7825,                0.53798,                 1.2279,                 2.4509,                 0.9909,              0.0012104,              0.0012104,              0.0012104
                     18,                 1.3281,                 2.1723,                 1.0211,                0.34764,                      1,                0.78165,                0.53373,                 1.1145,                 2.6099,                0.98685,              0.0012079,              0.0012079,              0.0012079
                     19,                 1.2899,                 2.1046,                 1.0175,                0.34764,                      1,                0.78165,                0.53373,                 1.1145,                 2.6099,                0.98685,              0.0012055,              0.0012055,              0.0012055
                     20,                  1.317,                 2.3542,                 1.0478,                0.34764,                      1,                0.78165,                0.53373,                 1.1145,                 2.6099,                0.98685,               0.001203,               0.001203,               0.001203
                     21,                 1.1096,                 2.1115,                0.97433,                0.34764,                      1,                0.78165,                0.53373,                 1.1145,                 2.6099,                0.98685,              0.0012005,              0.0012005,              0.0012005
                     22,                 1.1942,                 2.1524,                 1.0365,                0.82899,                   0.75,                0.90658,                0.66447,                 1.0451,                 2.2772,                 1.0064,               0.001198,               0.001198,               0.001198
                     23,                 1.1703,                 1.8888,                 1.0599,                0.82899,                   0.75,                0.90658,                0.66447,                 1.0451,                 2.2772,                 1.0064,              0.0011955,              0.0011955,              0.0011955
                     24,                 1.2501,                 2.1465,                 1.0928,                0.82899,                   0.75,                0.90658,                0.66447,                 1.0451,                 2.2772,                 1.0064,              0.0011931,              0.0011931,              0.0011931
                     25,                 1.1305,                 2.0728,                 1.0212,                0.82899,                   0.75,                0.90658,                0.66447,                 1.0451,                 2.2772,                 1.0064,              0.0011906,              0.0011906,              0.0011906
                     26,                 1.1597,                  2.191,                 1.0127,                0.82554,                0.79167,                0.93271,                0.67991,                 1.0865,                  1.666,                 1.0192,              0.0011881,              0.0011881,              0.0011881
                     27,                 1.1461,                  1.746,                 1.0628,                0.82554,                0.79167,                0.93271,                0.67991,                 1.0865,                  1.666,                 1.0192,              0.0011856,              0.0011856,              0.0011856
                     28,                 1.1975,                 1.7618,                 1.0482,                0.82554,                0.79167,                0.93271,                0.67991,                 1.0865,                  1.666,                 1.0192,              0.0011832,              0.0011832,              0.0011832
                     29,                 1.1974,                 1.7652,                 1.0782,                0.82554,                0.79167,                0.93271,                0.67991,                 1.0865,                  1.666,                 1.0192,              0.0011807,              0.0011807,              0.0011807
                     30,                 1.0105,                 1.7091,                 1.0162,                0.82286,                0.91267,                  0.995,                0.74741,                 1.0798,                 1.5712,                 1.0316,              0.0011782,              0.0011782,              0.0011782
                     31,                 1.1196,                 1.6347,                 1.0506,                0.82286,                0.91267,                  0.995,                0.74741,                 1.0798,                 1.5712,                 1.0316,              0.0011757,              0.0011757,              0.0011757
                     32,                 1.0631,                 1.7486,                 1.0173,                0.82286,                0.91267,                  0.995,                0.74741,                 1.0798,                 1.5712,                 1.0316,              0.0011733,              0.0011733,              0.0011733
                     33,                  1.135,                 1.6596,                  1.014,                0.82286,                0.91267,                  0.995,                0.74741,                 1.0798,                 1.5712,                 1.0316,              0.0011708,              0.0011708,              0.0011708
                     34,                 1.0528,                 1.8624,                0.99195,                0.91844,                0.88577,                  0.995,                0.78563,                0.98876,                 1.5073,                0.99602,              0.0011683,              0.0011683,              0.0011683
                     35,                 1.0815,                 1.6541,                0.95509,                0.91844,                0.88577,                  0.995,                0.78563,                0.98876,                 1.5073,                0.99602,              0.0011658,              0.0011658,              0.0011658
                     36,                 1.0921,                 1.6816,                 1.0667,                0.91844,                0.88577,                  0.995,                0.78563,                0.98876,                 1.5073,                0.99602,              0.0011634,              0.0011634,              0.0011634
                     37,                 1.1499,                 1.9552,                 1.0458,                0.91844,                0.88577,                  0.995,                0.78563,                0.98876,                 1.5073,                0.99602,              0.0011609,              0.0011609,              0.0011609
                     38,                 1.0296,                 1.6624,                0.93778,                0.86135,                0.88428,                  0.995,                0.76293,                0.99463,                 1.4569,                0.98811,              0.0011584,              0.0011584,              0.0011584
                     39,                0.99049,                  1.405,                0.99568,                0.86135,                0.88428,                  0.995,                0.76293,                0.99463,                 1.4569,                0.98811,              0.0011559,              0.0011559,              0.0011559
                     40,                 1.0668,                 1.6479,                0.98749,                0.86135,                0.88428,                  0.995,                0.76293,                0.99463,                 1.4569,                0.98811,              0.0011535,              0.0011535,              0.0011535
                     41,                  1.046,                 1.4028,                0.97421,                0.86135,                0.88428,                  0.995,                0.76293,                0.99463,                 1.4569,                0.98811,               0.001151,               0.001151,               0.001151
                     42,                 1.1408,                 1.5307,                 1.0417,                0.62221,                 0.9638,                0.95333,                 0.7442,                  1.039,                 1.4197,                0.99214,              0.0011485,              0.0011485,              0.0011485
                     43,                 1.0852,                 1.5123,                0.99375,                0.62221,                 0.9638,                0.95333,                 0.7442,                  1.039,                 1.4197,                0.99214,              0.0011461,              0.0011461,              0.0011461
                     44,                0.95535,                 1.4339,                 1.0095,                0.62221,                 0.9638,                0.95333,                 0.7442,                  1.039,                 1.4197,                0.99214,              0.0011436,              0.0011436,              0.0011436
                     45,                 1.0197,                 1.2508,                0.97288,                0.62221,                 0.9638,                0.95333,                 0.7442,                  1.039,                 1.4197,                0.99214,              0.0011411,              0.0011411,              0.0011411
                     46,                 1.0555,                  1.394,                0.99451,                0.73567,                  0.875,                 0.9325,                 0.7405,                 1.0036,                 1.3191,                0.98511,              0.0011386,              0.0011386,              0.0011386
                     47,                 1.1188,                 1.5321,                0.98483,                0.73567,                  0.875,                 0.9325,                 0.7405,                 1.0036,                 1.3191,                0.98511,              0.0011362,              0.0011362,              0.0011362
                     48,                 1.0291,                 1.4552,                 1.0402,                0.73567,                  0.875,                 0.9325,                 0.7405,                 1.0036,                 1.3191,                0.98511,              0.0011337,              0.0011337,              0.0011337
                     49,                 1.0788,                 1.3564,                0.95247,                0.73567,                  0.875,                 0.9325,                 0.7405,                 1.0036,                 1.3191,                0.98511,              0.0011312,              0.0011312,              0.0011312
                     50,                0.98858,                 1.4146,                0.99184,                0.80556,                  0.875,                0.90571,                0.74323,                0.95439,                  1.282,                0.95821,              0.0011287,              0.0011287,              0.0011287
                     51,                 1.0361,                 1.3683,                0.94385,                0.80556,                  0.875,                0.90571,                0.74323,                0.95439,                  1.282,                0.95821,              0.0011263,              0.0011263,              0.0011263
                     52,                0.94065,                 1.5236,                0.96291,                0.80556,                  0.875,                0.90571,                0.74323,                0.95439,                  1.282,                0.95821,              0.0011238,              0.0011238,              0.0011238
                     53,                 1.0586,                 1.5062,                0.96307,                0.80556,                  0.875,                0.90571,                0.74323,                0.95439,                  1.282,                0.95821,              0.0011213,              0.0011213,              0.0011213
                     54,                 1.0876,                 1.3502,                 1.0441,                 0.8365,                  0.875,                0.95333,                0.74534,                0.90442,                 1.2758,                0.96197,              0.0011188,              0.0011188,              0.0011188
                     55,                0.90221,                 1.3522,                0.98773,                 0.8365,                  0.875,                0.95333,                0.74534,                0.90442,                 1.2758,                0.96197,              0.0011164,              0.0011164,              0.0011164
                     56,                0.94112,                 1.2172,                0.95944,                 0.8365,                  0.875,                0.95333,                0.74534,                0.90442,                 1.2758,                0.96197,              0.0011139,              0.0011139,              0.0011139
                     57,                0.98566,                 1.3579,                0.94696,                 0.8365,                  0.875,                0.95333,                0.74534,                0.90442,                 1.2758,                0.96197,              0.0011114,              0.0011114,              0.0011114
                     58,                 0.8948,                 1.2149,                0.92624,                0.78288,                0.98557,                0.87062,                0.68259,                0.92302,                 1.3738,                0.94627,              0.0011089,              0.0011089,              0.0011089
                     59,                 1.0187,                 1.3424,                0.95391,                0.78288,                0.98557,                0.87062,                0.68259,                0.92302,                 1.3738,                0.94627,              0.0011065,              0.0011065,              0.0011065
                     60,                 1.0054,                 1.2926,                0.92563,                0.78288,                0.98557,                0.87062,                0.68259,                0.92302,                 1.3738,                0.94627,               0.001104,               0.001104,               0.001104
                     61,                0.91507,                 1.4895,                0.97063,                0.78288,                0.98557,                0.87062,                0.68259,                0.92302,                 1.3738,                0.94627,              0.0011015,              0.0011015,              0.0011015
                     62,                 1.0183,                 1.2619,                0.94849,                0.77028,                      1,                0.82917,                0.63828,                 0.9942,                 1.4049,                0.96527,               0.001099,               0.001099,               0.001099
                     63,                 0.8967,                  1.186,                0.97067,                0.77028,                      1,                0.82917,                0.63828,                 0.9942,                 1.4049,                0.96527,              0.0010965,              0.0010965,              0.0010965
                     64,                0.91865,                 1.2212,                0.94409,                0.77028,                      1,                0.82917,                0.63828,                 0.9942,                 1.4049,                0.96527,              0.0010941,              0.0010941,              0.0010941
                     65,                0.96323,                 1.3138,                 1.0007,                0.77028,                      1,                0.82917,                0.63828,                 0.9942,                 1.4049,                0.96527,              0.0010916,              0.0010916,              0.0010916
                     66,                0.95668,                 1.2273,                0.98227,                0.74598,                      1,                0.82917,                 0.6513,                 1.0466,                 1.3693,                   1.01,              0.0010891,              0.0010891,              0.0010891
                     67,                0.95118,                 1.2187,                0.95252,                0.74598,                      1,                0.82917,                 0.6513,                 1.0466,                 1.3693,                   1.01,              0.0010866,              0.0010866,              0.0010866
                     68,                0.96743,                 1.1338,                0.94063,                0.74598,                      1,                0.82917,                 0.6513,                 1.0466,                 1.3693,                   1.01,              0.0010842,              0.0010842,              0.0010842
                     69,                 0.9675,                  1.124,                0.97658,                0.74598,                      1,                0.82917,                 0.6513,                 1.0466,                 1.3693,                   1.01,              0.0010817,              0.0010817,              0.0010817
                     70,                0.97078,                 1.3504,                0.98318,                 0.7802,                0.98844,                0.87062,                0.67617,                 1.0689,                  1.319,                 1.0257,              0.0010792,              0.0010792,              0.0010792
                     71,                0.94026,                 1.1373,                0.94358,                 0.7802,                0.98844,                0.87062,                0.67617,                 1.0689,                  1.319,                 1.0257,              0.0010768,              0.0010768,              0.0010768
                     72,                0.96465,                 1.1788,                 0.9804,                 0.7802,                0.98844,                0.87062,                0.67617,                 1.0689,                  1.319,                 1.0257,              0.0010743,              0.0010743,              0.0010743
                     73,                  0.927,                  1.238,                0.97447,                 0.7802,                0.98844,                0.87062,                0.67617,                 1.0689,                  1.319,                 1.0257,              0.0010718,              0.0010718,              0.0010718
                     74,                0.88044,                0.99854,                0.92574,                 0.7494,                0.98275,                0.87062,                 0.7036,                0.96347,                 1.2812,                0.98037,              0.0010693,              0.0010693,              0.0010693
                     75,                  1.057,                 1.2343,                 1.0807,                 0.7494,                0.98275,                0.87062,                 0.7036,                0.96347,                 1.2812,                0.98037,              0.0010669,              0.0010669,              0.0010669
                     76,                0.92198,                  1.119,                0.99814,                 0.7494,                0.98275,                0.87062,                 0.7036,                0.96347,                 1.2812,                0.98037,              0.0010644,              0.0010644,              0.0010644
                     77,                0.88563,                 1.1903,                0.97526,                 0.7494,                0.98275,                0.87062,                 0.7036,                0.96347,                 1.2812,                0.98037,              0.0010619,              0.0010619,              0.0010619
                     78,                 1.0432,                 1.1535,                 1.0031,                0.75596,                  0.875,                0.95333,                0.78014,                0.92394,                 1.3123,                0.97411,              0.0010594,              0.0010594,              0.0010594
                     79,                 1.0551,                  1.184,                0.98958,                0.75596,                  0.875,                0.95333,                0.78014,                0.92394,                 1.3123,                0.97411,               0.001057,               0.001057,               0.001057
                     80,                0.86695,                 1.3115,                 1.0135,                0.75596,                  0.875,                0.95333,                0.78014,                0.92394,                 1.3123,                0.97411,              0.0010545,              0.0010545,              0.0010545
                     81,                0.90935,                 1.1255,                0.94655,                0.75596,                  0.875,                0.95333,                0.78014,                0.92394,                 1.3123,                0.97411,               0.001052,               0.001052,               0.001052
                     82,                 1.0386,                 1.4831,                 1.0308,                0.93037,                  0.875,                0.95333,                0.77149,                0.89019,                 1.2784,                0.96678,              0.0010495,              0.0010495,              0.0010495
                     83,                0.94617,                 1.1376,                0.96199,                0.93037,                  0.875,                0.95333,                0.77149,                0.89019,                 1.2784,                0.96678,               0.001047,               0.001047,               0.001047
                     84,                0.96128,                 1.1091,                 0.9518,                0.93037,                  0.875,                0.95333,                0.77149,                0.89019,                 1.2784,                0.96678,              0.0010446,              0.0010446,              0.0010446
                     85,                0.92223,                 1.0844,                0.92149,                0.93037,                  0.875,                0.95333,                0.77149,                0.89019,                 1.2784,                0.96678,              0.0010421,              0.0010421,              0.0010421
                     86,                0.94071,                 1.1041,                0.93049,                0.83535,                0.88381,                0.95333,                0.75284,                0.92401,                 1.1964,                0.97813,              0.0010396,              0.0010396,              0.0010396
                     87,                0.88275,                 1.1554,                0.95173,                0.83535,                0.88381,                0.95333,                0.75284,                0.92401,                 1.1964,                0.97813,              0.0010372,              0.0010372,              0.0010372
                     88,                0.99692,                 1.1609,                 1.0106,                0.83535,                0.88381,                0.95333,                0.75284,                0.92401,                 1.1964,                0.97813,              0.0010347,              0.0010347,              0.0010347
                     89,                0.82905,                 1.1206,                0.93959,                0.83535,                0.88381,                0.95333,                0.75284,                0.92401,                 1.1964,                0.97813,              0.0010322,              0.0010322,              0.0010322
                     90,                0.93976,                 1.0453,                 1.0045,                0.67267,                0.99121,                0.91208,                0.71007,                 0.9495,                 1.1956,                0.98685,              0.0010297,              0.0010297,              0.0010297
                     91,                0.84576,                 1.1216,                0.92385,                0.67267,                0.99121,                0.91208,                0.71007,                 0.9495,                 1.1956,                0.98685,              0.0010273,              0.0010273,              0.0010273
                     92,                0.87798,                 1.1477,                0.93264,                0.67267,                0.99121,                0.91208,                0.71007,                 0.9495,                 1.1956,                0.98685,              0.0010248,              0.0010248,              0.0010248
                     93,                0.81479,                 1.0181,                0.94992,                0.67267,                0.99121,                0.91208,                0.71007,                 0.9495,                 1.1956,                0.98685,              0.0010223,              0.0010223,              0.0010223
                     94,                0.89963,                 1.0834,                0.97497,                0.62736,                      1,                0.91208,                0.69362,                0.96954,                 1.2623,                0.97624,              0.0010198,              0.0010198,              0.0010198
                     95,                0.90744,                 1.0388,                0.96208,                0.62736,                      1,                0.91208,                0.69362,                0.96954,                 1.2623,                0.97624,              0.0010173,              0.0010173,              0.0010173
                     96,                0.82806,                  1.021,                0.88531,                0.62736,                      1,                0.91208,                0.69362,                0.96954,                 1.2623,                0.97624,              0.0010149,              0.0010149,              0.0010149
                     97,                 0.9159,                 1.1711,                0.95168,                0.62736,                      1,                0.91208,                0.69362,                0.96954,                 1.2623,                0.97624,              0.0010124,              0.0010124,              0.0010124
                     98,                0.84843,                 1.0504,                0.96897,                0.86915,                  0.875,                0.95333,                 0.7488,                0.96808,                 1.1542,                0.99408,              0.0010099,              0.0010099,              0.0010099
                     99,                0.85799,                0.92293,                0.94405,                0.86915,                  0.875,                0.95333,                 0.7488,                0.96808,                 1.1542,                0.99408,              0.0010075,              0.0010075,              0.0010075
                    100,                0.85203,                0.97897,                0.96244,                0.86915,                  0.875,                0.95333,                 0.7488,                0.96808,                 1.1542,                0.99408,               0.001005,               0.001005,               0.001005
                    101,                 0.9353,                 1.2024,                0.98505,                0.86915,                  0.875,                0.95333,                 0.7488,                0.96808,                 1.1542,                0.99408,              0.0010025,              0.0010025,              0.0010025
                    102,                0.93892,                 1.0082,                0.93832,                0.83509,                0.83082,                0.95333,                0.76615,                0.96904,                 1.2155,                0.99298,                  0.001,                  0.001,                  0.001
                    103,                0.83941,                0.95319,                0.94107,                0.83509,                0.83082,                0.95333,                0.76615,                0.96904,                 1.2155,                0.99298,             0.00099755,             0.00099755,             0.00099755
                    104,                0.89854,                 1.0636,                0.91043,                0.83509,                0.83082,                0.95333,                0.76615,                0.96904,                 1.2155,                0.99298,             0.00099507,             0.00099507,             0.00099507
                    105,                0.76293,                 2.6636,                0.85289,                0.83509,                0.83082,                0.95333,                0.76615,                0.96904,                 1.2155,                0.99298,              0.0009926,              0.0009926,              0.0009926
                    106,                0.92325,                 1.0002,                0.98503,                0.82103,                  0.875,                 0.9325,                0.72948,                 1.0208,                  1.205,                 1.0181,             0.00099013,             0.00099013,             0.00099013
                    107,                0.87026,                 1.0665,                0.94406,                0.82103,                  0.875,                 0.9325,                0.72948,                 1.0208,                  1.205,                 1.0181,             0.00098765,             0.00098765,             0.00098765
                    108,                0.91849,                   1.21,                 1.0019,                0.82103,                  0.875,                 0.9325,                0.72948,                 1.0208,                  1.205,                 1.0181,             0.00098518,             0.00098518,             0.00098518
                    109,                0.82778,                0.95997,                0.94314,                0.82103,                  0.875,                 0.9325,                0.72948,                 1.0208,                  1.205,                 1.0181,              0.0009827,              0.0009827,              0.0009827
                    110,                   0.85,                0.97349,                0.93169,                 0.9316,                  0.875,                0.95333,                0.73507,                 1.0394,                 1.1385,                 1.0247,             0.00098022,             0.00098022,             0.00098022
                    111,                0.87223,                 1.1878,                0.97621,                 0.9316,                  0.875,                0.95333,                0.73507,                 1.0394,                 1.1385,                 1.0247,             0.00097775,             0.00097775,             0.00097775
                    112,                 0.8691,                0.90045,                0.94759,                 0.9316,                  0.875,                0.95333,                0.73507,                 1.0394,                 1.1385,                 1.0247,             0.00097528,             0.00097528,             0.00097528
                    113,                0.84678,                 1.0896,                0.98858,                 0.9316,                  0.875,                0.95333,                0.73507,                 1.0394,                 1.1385,                 1.0247,              0.0009728,              0.0009728,              0.0009728
                    114,                0.82656,                0.90887,                0.96238,                0.84571,                0.99033,                  0.995,                0.78495,                 1.0144,                 1.0929,                 1.0292,             0.00097033,             0.00097033,             0.00097033
                    115,                 0.8541,                   1.03,                 0.9871,                0.84571,                0.99033,                  0.995,                0.78495,                 1.0144,                 1.0929,                 1.0292,             0.00096785,             0.00096785,             0.00096785
                    116,                0.78947,                0.94402,                0.93324,                0.84571,                0.99033,                  0.995,                0.78495,                 1.0144,                 1.0929,                 1.0292,             0.00096537,             0.00096537,             0.00096537
                    117,                0.72761,                0.94507,                0.88022,                0.84571,                0.99033,                  0.995,                0.78495,                 1.0144,                 1.0929,                 1.0292,              0.0009629,              0.0009629,              0.0009629
                    118,                0.88535,                 1.1469,                 1.0122,                0.94294,                0.95804,                  0.995,                0.77986,                0.99814,                 1.0376,                 1.0239,             0.00096043,             0.00096043,             0.00096043
                    119,                 0.8595,                0.96726,                0.97912,                0.94294,                0.95804,                  0.995,                0.77986,                0.99814,                 1.0376,                 1.0239,             0.00095795,             0.00095795,             0.00095795
                    120,                0.78086,                0.90993,                0.90819,                0.94294,                0.95804,                  0.995,                0.77986,                0.99814,                 1.0376,                 1.0239,             0.00095548,             0.00095548,             0.00095548
                    121,                0.83098,                0.89875,                0.96402,                0.94294,                0.95804,                  0.995,                0.77986,                0.99814,                 1.0376,                 1.0239,               0.000953,               0.000953,               0.000953
                    122,                0.78113,                0.97244,                 0.9424,                 0.9619,                      1,                  0.995,                0.77629,                0.99183,                  1.049,                 1.0215,             0.00095053,             0.00095053,             0.00095053
                    123,                 0.7353,                0.86931,                0.95148,                 0.9619,                      1,                  0.995,                0.77629,                0.99183,                  1.049,                 1.0215,             0.00094805,             0.00094805,             0.00094805
                    124,                 0.8505,                0.93735,                0.94193,                 0.9619,                      1,                  0.995,                0.77629,                0.99183,                  1.049,                 1.0215,             0.00094558,             0.00094558,             0.00094558
                    125,                0.74208,                0.91431,                0.88729,                 0.9619,                      1,                  0.995,                0.77629,                0.99183,                  1.049,                 1.0215,              0.0009431,              0.0009431,              0.0009431
                    126,                 0.7627,                0.82082,                0.88504,                0.93214,                      1,                  0.995,                0.79235,                 1.0116,                 1.0745,                 1.0027,             0.00094062,             0.00094062,             0.00094062
                    127,                0.83867,                0.86888,                0.91077,                0.93214,                      1,                  0.995,                0.79235,                 1.0116,                 1.0745,                 1.0027,             0.00093815,             0.00093815,             0.00093815
                    128,                0.79192,                0.84051,                0.93365,                0.93214,                      1,                  0.995,                0.79235,                 1.0116,                 1.0745,                 1.0027,             0.00093567,             0.00093567,             0.00093567
                    129,                0.77191,                 0.9091,                0.89369,                0.93214,                      1,                  0.995,                0.79235,                 1.0116,                 1.0745,                 1.0027,              0.0009332,              0.0009332,              0.0009332
                    130,                0.89647,                 1.0706,                0.98183,                0.93146,                0.90464,                  0.995,                0.76768,                 1.0248,                  1.115,                 1.0037,             0.00093073,             0.00093073,             0.00093073
                    131,                0.73237,                0.78522,                0.88281,                0.93146,                0.90464,                  0.995,                0.76768,                 1.0248,                  1.115,                 1.0037,             0.00092825,             0.00092825,             0.00092825
                    132,                0.86694,                0.97632,                0.99611,                0.93146,                0.90464,                  0.995,                0.76768,                 1.0248,                  1.115,                 1.0037,             0.00092577,             0.00092577,             0.00092577
                    133,                0.78992,                0.82721,                0.93009,                0.93146,                0.90464,                  0.995,                0.76768,                 1.0248,                  1.115,                 1.0037,              0.0009233,              0.0009233,              0.0009233
                    134,                0.83274,                0.84752,                0.95231,                0.95658,                0.89572,                  0.995,                0.77178,                 1.0086,                 1.1046,                 1.0003,             0.00092083,             0.00092083,             0.00092083
                    135,                0.74693,                0.79373,                0.91802,                0.95658,                0.89572,                  0.995,                0.77178,                 1.0086,                 1.1046,                 1.0003,             0.00091835,             0.00091835,             0.00091835
                    136,                0.68662,                0.80078,                 0.9104,                0.95658,                0.89572,                  0.995,                0.77178,                 1.0086,                 1.1046,                 1.0003,             0.00091588,             0.00091588,             0.00091588
                    137,                0.83397,                0.91208,                 0.9197,                0.95658,                0.89572,                  0.995,                0.77178,                 1.0086,                 1.1046,                 1.0003,              0.0009134,              0.0009134,              0.0009134
                    138,                0.80169,                0.92629,                0.94383,                0.95607,                0.89091,                  0.995,                0.79563,                 1.0274,                 1.1428,                 1.0161,             0.00091092,             0.00091092,             0.00091092
                    139,                0.71718,                0.81818,                0.90275,                0.95607,                0.89091,                  0.995,                0.79563,                 1.0274,                 1.1428,                 1.0161,             0.00090845,             0.00090845,             0.00090845
                    140,                 0.7286,                0.90021,                 0.9055,                0.95607,                0.89091,                  0.995,                0.79563,                 1.0274,                 1.1428,                 1.0161,             0.00090597,             0.00090597,             0.00090597
                    141,                0.72282,                 0.8202,                0.91438,                0.95607,                0.89091,                  0.995,                0.79563,                 1.0274,                 1.1428,                 1.0161,              0.0009035,              0.0009035,              0.0009035
                    142,                0.74766,                 0.7521,                 0.8923,                0.94103,                0.88642,                  0.995,                0.76829,                 1.0468,                 1.1811,                 1.0219,             0.00090103,             0.00090103,             0.00090103
                    143,                0.75421,                0.76949,                0.86415,                0.94103,                0.88642,                  0.995,                0.76829,                 1.0468,                 1.1811,                 1.0219,             0.00089855,             0.00089855,             0.00089855
                    144,                0.69296,                0.80051,                0.89894,                0.94103,                0.88642,                  0.995,                0.76829,                 1.0468,                 1.1811,                 1.0219,             0.00089607,             0.00089607,             0.00089607
                    145,                0.72549,                 0.8005,                0.90797,                0.94103,                0.88642,                  0.995,                0.76829,                 1.0468,                 1.1811,                 1.0219,              0.0008936,              0.0008936,              0.0008936
                    146,                0.81174,                0.89966,                0.95885,                0.85723,                  0.875,                   0.92,                0.70876,                 1.0919,                 1.2288,                 1.0361,             0.00089112,             0.00089112,             0.00089112
                    147,                 0.8593,                0.89551,                0.91831,                0.85723,                  0.875,                   0.92,                0.70876,                 1.0919,                 1.2288,                 1.0361,             0.00088865,             0.00088865,             0.00088865
                    148,                0.78002,                0.80396,                0.92577,                0.85723,                  0.875,                   0.92,                0.70876,                 1.0919,                 1.2288,                 1.0361,             0.00088618,             0.00088618,             0.00088618
                    149,                0.76132,                0.78947,                 0.9104,                0.85723,                  0.875,                   0.92,                0.70876,                 1.0919,                 1.2288,                 1.0361,              0.0008837,              0.0008837,              0.0008837
                    150,                0.76265,                 0.7821,                0.90707,                0.83054,                  0.875,                   0.92,                0.70174,                 1.1277,                  1.253,                 1.0424,             0.00088122,             0.00088122,             0.00088122
                    151,                0.82659,                0.92542,                0.91112,                0.83054,                  0.875,                   0.92,                0.70174,                 1.1277,                  1.253,                 1.0424,             0.00087875,             0.00087875,             0.00087875
                    152,                0.76611,                0.92809,                0.93966,                0.83054,                  0.875,                   0.92,                0.70174,                 1.1277,                  1.253,                 1.0424,             0.00087628,             0.00087628,             0.00087628
                    153,                0.78738,                0.93889,                0.94557,                0.83054,                  0.875,                   0.92,                0.70174,                 1.1277,                  1.253,                 1.0424,              0.0008738,              0.0008738,              0.0008738
                    154,                0.80449,                0.87645,                0.93054,                0.92888,                0.85835,                0.95333,                0.72602,                 1.0622,                 1.1736,                 1.0271,             0.00087132,             0.00087132,             0.00087132
                    155,                0.71129,                0.76918,                0.90571,                0.92888,                0.85835,                0.95333,                0.72602,                 1.0622,                 1.1736,                 1.0271,             0.00086885,             0.00086885,             0.00086885
                    156,                0.72661,                0.92744,                0.93292,                0.92888,                0.85835,                0.95333,                0.72602,                 1.0622,                 1.1736,                 1.0271,             0.00086637,             0.00086637,             0.00086637
                    157,                0.80698,                0.87159,                0.91537,                0.92888,                0.85835,                0.95333,                0.72602,                 1.0622,                 1.1736,                 1.0271,              0.0008639,              0.0008639,              0.0008639
                    158,                0.75934,                  0.828,                0.91841,                0.94162,                  0.875,                0.95333,                0.74147,                 1.0381,                 1.0746,                  1.036,             0.00086142,             0.00086142,             0.00086142
                    159,                0.90582,                0.92364,                 1.0055,                0.94162,                  0.875,                0.95333,                0.74147,                 1.0381,                 1.0746,                  1.036,             0.00085895,             0.00085895,             0.00085895
                    160,                0.73515,                0.85196,                0.86613,                0.94162,                  0.875,                0.95333,                0.74147,                 1.0381,                 1.0746,                  1.036,             0.00085647,             0.00085647,             0.00085647
                    161,                0.77451,                 0.8178,                0.90938,                0.94162,                  0.875,                0.95333,                0.74147,                 1.0381,                 1.0746,                  1.036,               0.000854,               0.000854,               0.000854
                    162,                0.85637,                 0.9286,                 1.0047,                0.92356,                  0.875,                0.95333,                0.74407,                0.97088,                 1.1173,                 1.0084,             0.00085152,             0.00085152,             0.00085152
                    163,                0.71282,                0.87152,                0.97856,                0.92356,                  0.875,                0.95333,                0.74407,                0.97088,                 1.1173,                 1.0084,             0.00084905,             0.00084905,             0.00084905
                    164,                0.72035,                0.77571,                0.88591,                0.92356,                  0.875,                0.95333,                0.74407,                0.97088,                 1.1173,                 1.0084,             0.00084658,             0.00084658,             0.00084658
                    165,                0.75105,                0.82187,                0.95296,                0.92356,                  0.875,                0.95333,                0.74407,                0.97088,                 1.1173,                 1.0084,              0.0008441,              0.0008441,              0.0008441
                    166,                0.69968,                0.78587,                0.90908,                0.93914,                  0.875,                 0.9325,                0.72327,                0.94168,                 1.1152,                0.98552,             0.00084162,             0.00084162,             0.00084162
                    167,                0.79914,                 1.0214,                0.97229,                0.93914,                  0.875,                 0.9325,                0.72327,                0.94168,                 1.1152,                0.98552,             0.00083915,             0.00083915,             0.00083915
                    168,                0.69113,                0.75992,                0.91756,                0.93914,                  0.875,                 0.9325,                0.72327,                0.94168,                 1.1152,                0.98552,             0.00083667,             0.00083667,             0.00083667
                    169,                0.77713,                0.86161,                0.93791,                0.93914,                  0.875,                 0.9325,                0.72327,                0.94168,                 1.1152,                0.98552,              0.0008342,              0.0008342,              0.0008342
                    170,                0.70488,                0.77063,                0.90647,                 0.8245,                  0.875,                 0.9325,                0.70562,                 0.9612,                 1.1124,                0.97796,             0.00083172,             0.00083172,             0.00083172
                    171,                0.81855,                  1.011,                0.95344,                 0.8245,                  0.875,                 0.9325,                0.70562,                 0.9612,                 1.1124,                0.97796,             0.00082925,             0.00082925,             0.00082925
                    172,                0.76011,                0.86618,                0.92821,                 0.8245,                  0.875,                 0.9325,                0.70562,                 0.9612,                 1.1124,                0.97796,             0.00082677,             0.00082677,             0.00082677
                    173,                0.80403,                0.80888,                0.93568,                 0.8245,                  0.875,                 0.9325,                0.70562,                 0.9612,                 1.1124,                0.97796,              0.0008243,              0.0008243,              0.0008243
                    174,                0.74726,                0.77609,                0.92718,                0.79653,                0.86699,                 0.9325,                0.70533,                0.93507,                  1.124,                0.96605,             0.00082183,             0.00082183,             0.00082183
                    175,                0.81442,                0.79841,                0.94042,                0.79653,                0.86699,                 0.9325,                0.70533,                0.93507,                  1.124,                0.96605,             0.00081935,             0.00081935,             0.00081935
                    176,                0.77783,                0.83812,                0.93012,                0.79653,                0.86699,                 0.9325,                0.70533,                0.93507,                  1.124,                0.96605,             0.00081688,             0.00081688,             0.00081688
                    177,                0.74901,                0.81981,                0.91375,                0.79653,                0.86699,                 0.9325,                0.70533,                0.93507,                  1.124,                0.96605,              0.0008144,              0.0008144,              0.0008144
                    178,                0.72216,                0.90773,                0.90549,                0.82562,                  0.875,                 0.9325,                0.70096,                0.94893,                  1.056,                0.98873,             0.00081193,             0.00081193,             0.00081193
                    179,                0.74496,                0.71545,                   0.89,                0.82562,                  0.875,                 0.9325,                0.70096,                0.94893,                  1.056,                0.98873,             0.00080945,             0.00080945,             0.00080945
                    180,                0.78766,                0.81187,                   0.94,                0.82562,                  0.875,                 0.9325,                0.70096,                0.94893,                  1.056,                0.98873,             0.00080698,             0.00080698,             0.00080698
                    181,                0.79767,                0.81744,                0.95503,                0.82562,                  0.875,                 0.9325,                0.70096,                0.94893,                  1.056,                0.98873,              0.0008045,              0.0008045,              0.0008045
                    182,                0.72829,                0.77151,                0.91017,                0.86419,                0.86495,                0.95333,                0.71985,                0.96588,                 1.0754,                  1.015,             0.00080202,             0.00080202,             0.00080202
                    183,                0.76807,                0.82116,                0.92586,                0.86419,                0.86495,                0.95333,                0.71985,                0.96588,                 1.0754,                  1.015,             0.00079955,             0.00079955,             0.00079955
                    184,                0.76854,                0.77094,                0.90524,                0.86419,                0.86495,                0.95333,                0.71985,                0.96588,                 1.0754,                  1.015,             0.00079708,             0.00079708,             0.00079708
                    185,                0.70958,                0.84271,                0.90448,                0.86419,                0.86495,                0.95333,                0.71985,                0.96588,                 1.0754,                  1.015,              0.0007946,              0.0007946,              0.0007946
                    186,                0.67864,                0.72668,                0.86712,                0.91678,                  0.875,                0.95333,                 0.7198,                 1.0099,                 1.0464,                 1.0161,             0.00079213,             0.00079213,             0.00079213
                    187,                0.71326,                0.68692,                 0.8945,                0.91678,                  0.875,                0.95333,                 0.7198,                 1.0099,                 1.0464,                 1.0161,             0.00078965,             0.00078965,             0.00078965
                    188,                0.66695,                0.68332,                0.90661,                0.91678,                  0.875,                0.95333,                 0.7198,                 1.0099,                 1.0464,                 1.0161,             0.00078717,             0.00078717,             0.00078717
                    189,                0.73086,                0.71451,                0.87049,                0.91678,                  0.875,                0.95333,                 0.7198,                 1.0099,                 1.0464,                 1.0161,              0.0007847,              0.0007847,              0.0007847
                    190,                0.72686,                0.76415,                0.90037,                0.94906,                0.88243,                  0.995,                 0.7406,                 1.0452,                0.98925,                 1.0219,             0.00078222,             0.00078222,             0.00078222
                    191,                0.69328,                0.76249,                0.89503,                0.94906,                0.88243,                  0.995,                 0.7406,                 1.0452,                0.98925,                 1.0219,             0.00077975,             0.00077975,             0.00077975
                    192,                0.64137,                0.72705,                 0.8834,                0.94906,                0.88243,                  0.995,                 0.7406,                 1.0452,                0.98925,                 1.0219,             0.00077728,             0.00077728,             0.00077728
                    193,                0.70047,                0.87495,                0.92836,                0.94906,                0.88243,                  0.995,                 0.7406,                 1.0452,                0.98925,                 1.0219,              0.0007748,              0.0007748,              0.0007748
                    194,                0.75321,                0.77629,                0.90001,                0.95468,                0.88299,                  0.995,                0.75625,                 1.0285,                0.98596,                 1.0279,             0.00077232,             0.00077232,             0.00077232
                    195,                0.68026,                0.83867,                0.88451,                0.95468,                0.88299,                  0.995,                0.75625,                 1.0285,                0.98596,                 1.0279,             0.00076985,             0.00076985,             0.00076985
                    196,                0.71817,                0.82024,                0.93395,                0.95468,                0.88299,                  0.995,                0.75625,                 1.0285,                0.98596,                 1.0279,             0.00076738,             0.00076738,             0.00076738
                    197,                0.69802,                0.77915,                0.90319,                0.95468,                0.88299,                  0.995,                0.75625,                 1.0285,                0.98596,                 1.0279,              0.0007649,              0.0007649,              0.0007649
                    198,                0.73407,                0.81698,                0.92938,                0.94265,                0.88517,                  0.995,                0.75666,                  1.003,                0.97518,                 1.0339,             0.00076243,             0.00076243,             0.00076243
                    199,                0.69713,                0.77813,                0.89314,                0.94265,                0.88517,                  0.995,                0.75666,                  1.003,                0.97518,                 1.0339,             0.00075995,             0.00075995,             0.00075995
                    200,                0.77951,                0.78711,                0.92928,                0.94265,                0.88517,                  0.995,                0.75666,                  1.003,                0.97518,                 1.0339,             0.00075747,             0.00075747,             0.00075747
                    201,                0.61883,                0.69507,                0.87033,                0.94265,                0.88517,                  0.995,                0.75666,                  1.003,                0.97518,                 1.0339,               0.000755,               0.000755,               0.000755
                    202,                0.72754,                0.72914,                0.89552,                0.88564,                0.89108,                  0.995,                0.71997,                 1.0203,                 1.0157,                 1.0448,             0.00075252,             0.00075252,             0.00075252
                    203,                0.75308,                0.77243,                0.94141,                0.88564,                0.89108,                  0.995,                0.71997,                 1.0203,                 1.0157,                 1.0448,             0.00075005,             0.00075005,             0.00075005
                    204,                0.70315,                0.81337,                0.91628,                0.88564,                0.89108,                  0.995,                0.71997,                 1.0203,                 1.0157,                 1.0448,             0.00074757,             0.00074757,             0.00074757
                    205,                0.75091,                0.93729,                0.94554,                0.88564,                0.89108,                  0.995,                0.71997,                 1.0203,                 1.0157,                 1.0448,              0.0007451,              0.0007451,              0.0007451
                    206,                0.66995,                0.71843,                0.85902,                0.86416,                0.88986,                  0.995,                0.71136,                 1.0763,                 1.0148,                 1.0558,             0.00074263,             0.00074263,             0.00074263
                    207,                0.68116,                0.75843,                0.92956,                0.86416,                0.88986,                  0.995,                0.71136,                 1.0763,                 1.0148,                 1.0558,             0.00074015,             0.00074015,             0.00074015
                    208,                0.59451,                0.66394,                0.87442,                0.86416,                0.88986,                  0.995,                0.71136,                 1.0763,                 1.0148,                 1.0558,             0.00073768,             0.00073768,             0.00073768
                    209,                0.76536,                0.95693,                0.97111,                0.86416,                0.88986,                  0.995,                0.71136,                 1.0763,                 1.0148,                 1.0558,              0.0007352,              0.0007352,              0.0007352
                    210,                0.66916,                0.76192,                0.89107,                0.86917,                0.88776,                  0.995,                0.71274,                 1.0601,                0.99642,                 1.0475,             0.00073273,             0.00073273,             0.00073273
                    211,                0.68455,                0.73585,                0.87646,                0.86917,                0.88776,                  0.995,                0.71274,                 1.0601,                0.99642,                 1.0475,             0.00073025,             0.00073025,             0.00073025
                    212,                 0.6535,                 0.6347,                 0.9054,                0.86917,                0.88776,                  0.995,                0.71274,                 1.0601,                0.99642,                 1.0475,             0.00072778,             0.00072778,             0.00072778
                    213,                0.64611,                0.66895,                0.84736,                0.86917,                0.88776,                  0.995,                0.71274,                 1.0601,                0.99642,                 1.0475,              0.0007253,              0.0007253,              0.0007253
                    214,                0.66592,                0.73108,                0.88615,                0.91594,                 0.8888,                  0.995,                0.74503,                 1.0269,                 1.0054,                 1.0436,             0.00072283,             0.00072283,             0.00072283
                    215,                0.70263,                0.79371,                0.92617,                0.91594,                 0.8888,                  0.995,                0.74503,                 1.0269,                 1.0054,                 1.0436,             0.00072035,             0.00072035,             0.00072035
                    216,                0.68362,                0.74511,                0.93808,                0.91594,                 0.8888,                  0.995,                0.74503,                 1.0269,                 1.0054,                 1.0436,             0.00071788,             0.00071788,             0.00071788
                    217,                0.81656,                 1.2059,                 1.0203,                0.91594,                 0.8888,                  0.995,                0.74503,                 1.0269,                 1.0054,                 1.0436,              0.0007154,              0.0007154,              0.0007154
                    218,                0.65073,                0.74856,                0.92934,                   0.94,                0.88683,                  0.995,                0.76982,                 1.0488,                 1.0012,                 1.0487,             0.00071293,             0.00071293,             0.00071293
                    219,                0.67794,                0.77684,                0.90058,                   0.94,                0.88683,                  0.995,                0.76982,                 1.0488,                 1.0012,                 1.0487,             0.00071045,             0.00071045,             0.00071045
                    220,                0.73319,                0.72089,                0.93362,                   0.94,                0.88683,                  0.995,                0.76982,                 1.0488,                 1.0012,                 1.0487,             0.00070798,             0.00070798,             0.00070798
                    221,                0.68847,                0.68508,                0.89603,                   0.94,                0.88683,                  0.995,                0.76982,                 1.0488,                 1.0012,                 1.0487,              0.0007055,              0.0007055,              0.0007055
                    222,                0.66546,                0.78667,                0.91494,                0.95323,                0.88491,                  0.995,                0.76122,                 1.0453,                0.96862,                  1.045,             0.00070303,             0.00070303,             0.00070303
                    223,                0.59321,                0.65619,                0.88311,                0.95323,                0.88491,                  0.995,                0.76122,                 1.0453,                0.96862,                  1.045,             0.00070055,             0.00070055,             0.00070055
                    224,                 0.7181,                0.83393,                0.89011,                0.95323,                0.88491,                  0.995,                0.76122,                 1.0453,                0.96862,                  1.045,             0.00069808,             0.00069808,             0.00069808
                    225,                 0.6158,                0.66047,                0.88372,                0.95323,                0.88491,                  0.995,                0.76122,                 1.0453,                0.96862,                  1.045,              0.0006956,              0.0006956,              0.0006956
                    226,                0.79812,                0.87329,                0.99476,                 0.9622,                0.88507,                  0.995,                0.74819,                 1.0189,                0.93025,                 1.0359,             0.00069313,             0.00069313,             0.00069313
                    227,                0.64643,                 0.7424,                0.87142,                 0.9622,                0.88507,                  0.995,                0.74819,                 1.0189,                0.93025,                 1.0359,             0.00069065,             0.00069065,             0.00069065
                    228,                 0.6759,                0.66076,                0.89212,                 0.9622,                0.88507,                  0.995,                0.74819,                 1.0189,                0.93025,                 1.0359,             0.00068818,             0.00068818,             0.00068818
                    229,                0.70019,                0.70414,                0.87575,                 0.9622,                0.88507,                  0.995,                0.74819,                 1.0189,                0.93025,                 1.0359,              0.0006857,              0.0006857,              0.0006857
                    230,                0.76085,                0.73169,                0.94814,                0.95154,                0.89113,                  0.995,                0.75971,                0.98053,                 0.9143,                 1.0303,             0.00068323,             0.00068323,             0.00068323
                    231,                 0.7159,                0.65915,                0.87722,                0.95154,                0.89113,                  0.995,                0.75971,                0.98053,                 0.9143,                 1.0303,             0.00068075,             0.00068075,             0.00068075
                    232,                0.65443,                0.72361,                0.91185,                0.95154,                0.89113,                  0.995,                0.75971,                0.98053,                 0.9143,                 1.0303,             0.00067827,             0.00067827,             0.00067827
                    233,                0.60615,                0.63339,                0.86342,                0.95154,                0.89113,                  0.995,                0.75971,                0.98053,                 0.9143,                 1.0303,              0.0006758,              0.0006758,              0.0006758
                    234,                0.61022,                0.67503,                0.87384,                0.94439,                0.89862,                  0.995,                 0.7349,                0.96602,                0.93618,                 1.0298,             0.00067333,             0.00067333,             0.00067333
                    235,                0.65705,                0.74014,                0.91716,                0.94439,                0.89862,                  0.995,                 0.7349,                0.96602,                0.93618,                 1.0298,             0.00067085,             0.00067085,             0.00067085
                    236,                0.60744,                0.63658,                0.89163,                0.94439,                0.89862,                  0.995,                 0.7349,                0.96602,                0.93618,                 1.0298,             0.00066838,             0.00066838,             0.00066838
                    237,                0.69006,                0.75578,                0.89747,                0.94439,                0.89862,                  0.995,                 0.7349,                0.96602,                0.93618,                 1.0298,              0.0006659,              0.0006659,              0.0006659
                    238,                0.66661,                0.64727,                0.87068,                0.93774,                0.90523,                  0.995,                0.74607,                0.97707,                0.93226,                 1.0311,             0.00066343,             0.00066343,             0.00066343
                    239,                0.64538,                0.64611,                0.88208,                0.93774,                0.90523,                  0.995,                0.74607,                0.97707,                0.93226,                 1.0311,             0.00066095,             0.00066095,             0.00066095
                    240,                0.62782,                0.73006,                0.89815,                0.93774,                0.90523,                  0.995,                0.74607,                0.97707,                0.93226,                 1.0311,             0.00065848,             0.00065848,             0.00065848
                    241,                0.72177,                0.69682,                0.89524,                0.93774,                0.90523,                  0.995,                0.74607,                0.97707,                0.93226,                 1.0311,               0.000656,               0.000656,               0.000656
